SMILES,E0
CCCCC,-776.83801
C1CCCC1,-749.64282
CCCCCC,-926.8028
CCCC(C)C,-926.80119
CCC(C)(C)C,-926.85516
C1CCCCC1,-899.70666
C1CCCC1C,-899.66046
CCCCCCC,-1076.73327
C1CCCCC1C,-1049.57112
CCCCCCCC,-1226.70791
C1CCCCCC1,-1049.45905
C1CCCCCCC1,-1199.28637
CCC=CC,-749.19018
C1CC=CC1,-721.88916
CCCCC=C,-898.94644
CC(C)CC=C,-898.98171
CCCCC=CC,-1049.05161
C1CC=C(C)CC1,-1022.17315
CCCCCCC=C,-1198.88787
CCCCCCCC=C,-1348.76107
C=CCCC=C,-871.0452
C=C(C)C=C,-721.30663
C=CC=C,-571.18785
C1C=CCC=C1,-844.34322
C(=CCC(C(=C)C)C1)(C1)C,-1444.39102
CCCC#C,-721.05748
CCCCC#C,-871.01865
CCCCCC#C,-1020.90366
CCCCCCCC#C,-1320.86993
c1ccccc1,-817.56194
c1ccccc1C,-967.72239
c1cccc(C)c1C,-1117.83949
c1cc(C)ccc1C,-1117.87054
c1ccc(C)cc1C,-1117.88324
c1ccccc1CCC,-1267.61023
c1cc(C)cc(C)c1C,-1267.98848
c1ccc(C)c(C)c1C,-1267.92744
c1cccc(C)c1CC,-1267.76783
c1cc(C)ccc1CC,-1267.80929
c1ccccc1C(C)C,-1267.61949
c1ccccc1CCCC,-1417.59204
c1cc(CC)ccc1CC,-1417.74766
c1cc(C)ccc1C(C)C,-1417.76714
c1ccccc1C(C)(C)C,-1417.54953
c1ccccc1C(C)CC,-1417.55542
c1c(C)c(C)c(C)c(C)c1C,-1568.07643
c1ccccc1CCCCC,-1567.53057
c1ccccc1C(CC)(C)C,-1567.46301
c1ccccc1C=C,-1089.76833
c1ccccc1c2ccccc2,-1608.38415
c1ccccc1Cc2ccccc2,-1758.34713
c(c(c(c1ccc2)c2)ccc3)(c3)C1,-1731.31949
c1ccc2c3ccccc3Cc2c1C,-1881.45664
c1ccc2ccccc2c1,-1335.8234
Cc1ccc2ccccc2c1,-1485.97616
c1ccc2ccccc2c1C,-1485.94114
CCc1ccc2ccccc2c1,-1635.91371
c1ccc2c(C)cccc2c1C,-1636.0481
Cc1c(C)cc2ccccc2c1,-1636.08916
c1ccc2cccc3c2c1C=C3,-1580.57487
c1cc(C)c2ccccc2c1C,-1636.04181
Cc1ccc2cc(C)ccc2c1,-1636.12653
c1ccc2cccc3c2c1CC3,-1608.68612
c1cc(C)c2c(C)cccc2c1C,-1785.94426
c(c(c(c(c1)ccc2)c2)ccc3)(c1)c3,-1854.14466
c(c(c(c(c1ccc2)c2)C)ccc3)(c3)c1,-2003.95905
Cc1cc2cc3ccccc3cc2cc1,-2004.08799
c(c(c(cc1)ccc2)c2cc3)(c1ccc4)c34,-2099.9491
c(c(ccc1)ccc2)(c1c(c3ccc4)c4)c23,-2099.24449
c1c(CC3)c2c(C3)ccc(CC4)c2c(C4)c1,-2182.08377
C3c1ccccc1c4ccc2ccccc2c34,-2249.52814
c1ccc2c3cc4ccccc4cc3Cc2c1,-2249.59994
c1ccc2c3ccccc3c4ccccc4c2c1,-2372.42411
c(c(c(cc1)ccc2)c2cc3)(c3cc(c4ccc5)c5)c14,-2618.16356
c(c(c(c(c1)ccc2)c2)c(c(c3ccc4)c4)C)(c3C)c1,-2672.15184
c1ccc2c(c1)c4cccc5ccc3cccc2c3c45,-2618.26167
c(c(ccc1)ccc2)(c1c(c(c(cc3)ccc4)c45)c3)c25,-2618.09109
c16cccc2ccc3ccc4ccc5cccc6c5c4c3c12,-2864.15974
s(c(c(c1cccc2)ccc3)c3)c12,-1758.52753
n(c(c(ccc1)cc2cccc3)c1)c23,-1903.57507
c1ccc2nc3cccc(N)c3cc2c1,-2103.49156
Nc3ccc2cc1ccccc1cc2c3,-2053.89546
c1cc2cc3cc(CC)ccc3cc2cc1,-2154.02512
c12ccccc1cc3c4ccccc4c5c3c2ccc5,-2617.61748
c1ccc4c(c1)ccc5c2cccc3cccc(c23)c45,-2617.393
c2ccc1cc3c(cc1c2)c4cccc5cccc3c45,-2617.55073
c(c(c(c(c1)ccc2)c2)cc(c3c(c(c4)ccc5)c5)c4)(c1)c3,-2890.66869
CI,-386.88252
ClCCl,-683.54386
BrCCl,-639.06045
ClC(Cl)Cl,-936.78382
ClC(Br)Cl,-892.25083
ClC(Br)Br,-847.7912
BrC(Br)Br,-803.39602
BrC(Br)(Br)Br,-1012.13986
CCBr,-535.91195
CCI,-536.87277
ClC(Cl)C,-833.87598
ClCCBr,-789.29219
BrCCBr,-744.76649
ClC(Cl)(Cl)C,-1087.24554
ClC(Cl)CCl,-1087.12696
ClC(Cl)(Cl)CCl,-1340.42362
ClC(Cl)(Cl)C(Cl)Cl,-1593.64252
ClC(Cl)(F)C(F)(F)Cl,-2443.92902
ClC(Cl)(Cl)C(Cl)(Cl)Cl,-1846.88421
CC(Cl)C,-730.62188
CCCBr,-685.87753
CC(Br)C,-685.98027
CCCI,-686.82672
ClCCCCl,-983.86285
ClCC(Cl)C,-983.96122
BrCCCCl,-939.29999
BrCCCBr,-894.76679
BrCC(Br)CCl,-1148.15018
ClCC(Cl)CCl,-1237.28185
CCCCCl,-880.40123
CC(Cl)CC,-880.565
ICCCC,-836.73028
CC(C)CCl,-880.43906
CC(C)CBr,-835.86464
ClC(Cl)CCC,-1133.82922
CCCCCCl,-1030.32232
CC(Cl)CCC,-1030.55567
CCC(Cl)CC,-1030.58266
CC(C)(Cl)CC,-1030.73797
CC(C)(Cl)C(Cl)C,-1284.28615
CCCCCCCl,-1180.31104
CCCCCBr,-985.76968
CCCCCCBr,-1135.73336
C1CCCCC1Br,-1108.73341
FC(F)(F)C(Cl)Br,-2146.16023
FC(F)(C(F)(F)Cl)Cl,-2642.91504
C(C(C(C(C1Cl)Cl)Cl)Cl)(C1Cl)Cl,-2420.72781
CCCCCCCCl,-1330.23069
CCCCCCCI,-1286.63372
ClC(Cl)=C,-805.84302
ClC=CCl,-805.85122
IC=CI,-718.77837
ClC=C(Cl)Cl,-1059.16308
ClC(Cl)=C(Cl)Cl,-1312.44232
C=CCCl,-702.48455
ClC2C1OC1C3C2C4(Cl)C(=C(Cl)C3(Cl)C4(Cl)Cl)Cl,-3457.84366
ClC3=C(Cl)C4(Cl)C2C1CC(C=C1)C2C3(Cl)C4(Cl)Cl,-3181.70434
ClC4=C(Cl)C5(Cl)C3C1CC(C2OC12)C3C4(Cl)C5(Cl)Cl,-3475.83274
C=CCBr,-657.99415
C(=C(C(=C1Cl)Cl)Cl)(C1(Cl)Cl)Cl,-2214.49843
ClC(=C(C=C(Cl)Cl)Cl)Cl,-1838.24778
c1ccccc1F,-1269.80366
c1ccccc1Cl,-1071.14039
c1cc(I)ccc1F,-1479.66357
c1cc(Cl)ccc1Cl,-1324.66732
c1cccc(Cl)c1Cl,-1324.60123
c1ccc(Cl)cc1Cl,-1324.663
c1ccc(Cl)cc1Br,-1280.05887
c1cc(Cl)ccc1Br,-1280.06284
c1cc(Br)ccc1Br,-1235.45642
c1cccc(Br)c1Br,-1235.42741
c1cc(Cl)cc(Cl)c1Cl,-1578.08961
c1ccc(Cl)c(Cl)c1Cl,-1578.03628
c1c(Cl)cc(Cl)cc1Cl,-1578.1409
c1ccc(Br)c(Br)c1Br,-1444.29162
c1c(F)cc(F)c(F)c1F,-2626.09883
c1c(F)c(F)cc(F)c1F,-2626.07517
c1c(Cl)cc(Cl)c(Cl)c1Cl,-1831.49112
c1cc(Cl)c(Cl)c(Cl)c1Cl,-1831.44513
c1ccccc1I,-1027.4697
c1cc(Br)ccc1C,-1176.69358
c1cc(F)ccc1CCl,-1673.37838
c1cc(F)ccc1F,-1721.99092
c1ccc(Br)cc1C,-1176.69908
c1cccc(Cl)c1C,-1221.33102
c1ccccc1CCl,-1221.15499
c1cc(Cl)ccc1C,-1221.29996
c1ccccc1c2c(Cl)cccc2,-1861.98998
c1ccccc1c2cc(Cl)ccc2,-1861.95227
c1cc(Cl)ccc1c2ccc(Cl)cc2,-2115.52021
c1cccc(Cl)c1c2c(Cl)cccc2,-2115.60355
c1ccc(Cl)cc1c2cc(Cl)ccc2,-2115.51041
c1ccccc1c2cc(Cl)c(Cl)cc2,-2115.40979
c1ccccc1c2c(Cl)cc(Cl)cc2,-2115.5129
c1ccccc1c2c(Cl)cccc2Cl,-2115.55171
c1ccccc1c2c(Cl)cc(Cl)c(Cl)c2,-2368.93626
c1cc(Cl)ccc1c2c(Cl)ccc(Cl)c2,-2369.07235
c1ccccc1c2c(Cl)cc(Cl)cc2Cl,-2369.03361
c1ccc(Cl)cc1c2c(Cl)ccc(Cl)c2,-2369.06187
c1cc(Cl)ccc1c2c(Cl)c(Cl)ccc2,-2369.00869
c1cc(Cl)ccc1c2c(Cl)cc(Cl)cc2,-2369.07234
c1ccccc1c2c(Cl)c(Cl)ccc2Cl,-2368.98165
c1ccc(Cl)c(Cl)c1c2c(Cl)c(Cl)ccc2,-2622.50282
c1cc(Cl)c(Cl)cc1c2c(Cl)cc(Cl)cc2,-2622.51322
c1ccc(Cl)c(Cl)c1c2c(Cl)ccc(Cl)c2,-2622.56579
c1cc(Cl)cc(Cl)c1c2c(Cl)ccc(Cl)c2,-2622.63022
c1c(Cl)ccc(Cl)c1c2c(Cl)ccc(Cl)c2,-2622.62639
Clc1cccc(Cl)c1c2c(Cl)cccc2Cl,-2622.74165
c1cc(Cl)c(Cl)cc1c2c(Cl)ccc(Cl)c2,-2622.50982
c1cc(Cl)cc(Cl)c1c2c(Cl)cc(Cl)cc2,-2622.6331
c1cc(Cl)c(Cl)cc1c2c(Cl)c(Cl)c(Cl)cc2,-2875.87645
Clc1cccc(Cl)c1c2c(Cl)cc(Cl)cc2Cl,-2876.21522
c1cc(Cl)c(Cl)cc1c2c(Cl)cc(Cl)c(Cl)c2,-2875.92484
c1c(Cl)c(Cl)c(Cl)c(Cl)c1c2c(Cl)cccc2,-2875.88642
Clc1cc(Cl)c(Cl)c(Cl)c1c2c(Cl)cccc2,-2875.99324
c1c(Cl)c(Cl)cc(Cl)c1c2c(Cl)cc(Cl)c(Cl)c2,-3129.45324
Clc1cc(Cl)c(Cl)cc1c2c(Cl)c(Cl)ccc2Cl,-3129.50784
Clc1cc(Cl)c(Cl)cc1c2c(Cl)c(Cl)cc(Cl)c2,-3129.44926
c1cc(Cl)c(Cl)c(Cl)c1c2c(Cl)cc(Cl)c(Cl)c2,-3129.40478
Clc1c(Cl)cc(Cl)c(Cl)c1c2c(Cl)ccc(Cl)c2,-3129.48716
Clc1c(Cl)cc(Cl)cc1c2c(Cl)cc(Cl)cc2Cl,-3129.55662
c1cc(Cl)c(Cl)cc1c2c(Cl)c(Cl)c(Cl)c(Cl)c2,-3129.27311
c1cc(Cl)c(Cl)cc1c2c(Cl)c(Cl)c(Cl)cc2Cl,-3129.36911
c1ccc(Cl)c(Cl)c1c2c(Cl)c(Cl)c(Cl)c(Cl)c2,-3129.32666
Clc1cc(Cl)c(Cl)c(Cl)c1c2c(Cl)cc(Cl)c(Cl)c2,-3382.90309
c1cc(Cl)c(Cl)c(Cl)c1c2c(Cl)c(Cl)c(Cl)cc2Cl,-3382.85642
c1c(Cl)ccc(Cl)c1c2c(Cl)c(Cl)c(Cl)c(Cl)c2Cl,-3382.82226
c1c(Cl)c(Cl)c(Cl)c(Cl)c1c2c(Cl)c(Cl)c(Cl)c(Cl)c2,-3636.13929
c1c(Cl)c(Cl)c(Cl)c(Cl)c1c2c(Cl)c(Cl)c(Cl)c(Cl)c2Cl,-3889.57276
Clc1c(Cl)c(Cl)c(Cl)c(Cl)c1c2c(Cl)c(Cl)cc(Cl)c2Cl,-3889.68064
Clc1c(Cl)c(Cl)c(Cl)c(Cl)c1c2c(Cl)c(Cl)c(Cl)c(Cl)c2Cl,-4143.01452
ClC(Cl)=C(c1ccc(Cl)cc1)c2ccc(Cl)cc2,-2894.64584
c(c(ccc1Cl)ccc2)(c2)c1,-1589.38365
c1ccc2ccccc2c1Cl,-1589.38805
c1ccc2ccccc2c1Br,-1544.72249
CCCCO,-921.98571
CCC(O)C,-922.17208
OCC(C)C,-922.06369
CCCCCO,-1071.98588
CCC(O)CC,-1072.14818
CC(O)(CC)C,-1072.33441
CCC(C)CO,-1071.98811
OCCC(C)C,-1072.09498
OC(C(C)C)C,-1072.14507
CCCCCCO,-1221.92904
CCC(O)CCC,-1222.0466
CC(O)CCCC,-1222.15531
CCC(O)C(C)C,-1222.09532
OC(CC(C)C)C,-1222.14515
OC(CCC)(C)C,-1222.30461
OCC(CCC)C,-1221.93543
CCC(C)(C)CO,-1221.95247
OCCC(C)(C)C,-1222.0907
OCC(CC)CC,-1221.91802
CC(O)C(C)CC,-1222.07993
OC(CC)(CC)C,-1222.23575
CC(O)(C)C(C)C,-1222.27066
C1CCCCC1O,-1194.83555
OCCCCCCC,-1372.01522
CCCCC(O)CC,-1372.10888
CCCC(O)CCC,-1372.16744
CC(O)(C)CC(C)C,-1372.23314
OCC(C)(C)CCC,-1371.89406
OCCCC(C)(C)C,-1372.04142
CC(O)CCC(C)C,-1372.11781
CCCCC(O)(C)C,-1372.26739
CC(C)(C)C(O)CC,-1372.16983
CCC(O)(C)CCC,-1372.12797
CC(O)(C)C(C)CC,-1372.20292
CC(C)C(C)(O)CC,-1372.1346
OC(CC)(CC)CC,-1372.13836
OCCCCCCCC,-1521.77141
OC(CCCCCC)C,-1522.01181
OCC(CCCC)CC,-1521.74461
CCCCC(C)C(C)O,-1522.08285
CC(C)(C)C(O)(C)CC,-1522.10276
CC(O)(C)CCCCC,-1522.21187
c1ccccc1CCO,-1412.78715
OC(c(cccc1)c1)c(cccc2)c2,-2053.56586
OCCCCCCCCCCCC,-2121.68794
OCCCc(cccc1)c1,-1562.83891
OCCOc(cccc1)c1,-1707.78928
OCCCCCCCCC,-1671.79643
OC(CCC(C1)C)C1,-1345.13131
c1c(Cl)c(CO)c(Cl)cc1,-1769.94795
Oc(cccc1)c1,-1113.0198
Oc(cccc1O)c1,-1408.52614
c1cc(O)ccc1O,-1408.38657
Oc(c(ccc1)C)c1,-1263.12805
c1ccccc1CO,-1262.82633
c1cc(C)ccc1O,-1263.15078
OCc(c(O)ccc1)c1,-1558.26844
OC(c1ccccc1)C,-1412.93652
c1cc(C)cc(C)c1O,-1413.26449
c1c(C)cc(C)cc1O,-1413.36803
Oc(ccc(c1)C(C)(C)C)c1,-1712.98289
Oc(ccc(c(cccc1)c1)c2)c2,-1903.83955
Oc(ccc(c1)C(c(ccc(O)c2)c2)(C)C)c1,-2649.04347
Oc(c(c(ccc1)cc2)c1)c2,-1631.27015
Oc(c(c(c(O)cc1)cc2)c1)c2,-1926.62587
Oc(c(ccc1)CC)c1,-1413.04332
Oc(c(c(cccc1)c1)ccc2)c2,-1903.85598
CCC=O,-744.72854
CCCCC=O,-1044.69772
O=CCCCCC,-1194.63598
O=CCCCCCC,-1344.56735
O=CCCCCCCC,-1494.48702
O=CC=C,-716.77596
O=CC=CC,-867.01913
O=Cc(cccc1)c1,-1235.41116
O=Cc(ccc(OCO1)c12)c2,-1948.16003
O=C(CC)C,-895.10746
O=C(CCC)C,-1045.0546
O=C(CCCC)C,-1195.03647
O=C(CC(C)C)C,-1195.06426
O=C(CCCCC)C,-1344.98598
O=C(CCC)CCC,-1344.93539
O=C(CCCCCC)C,-1494.93008
O=C(CCCC)CCCC,-1644.87885
O=C(C=C)CCC,-1167.04718
O=C(C=C(CC1(C)C)C)C1,-1590.40889
O=C(CCC(C)C)C,-1345.02039
O=C(c(cccc1)c1)CC,-1535.64817
CC(=O)CC(=O)C,-1313.27402
O=C(CCCCCCCC)C,-1794.77499
O=C(C(C(C(C(C(C(C(=CC(=O)C1)C2)(C1)C)C3)C2)C4)(C3)C)C4)C,-3576.39512
O=C(c(cccc1)c1)C,-1385.73595
O=C(c(c(C(=O)c1cccc2)ccc3)c3)c12,-2417.43797
CC(=O)O,-890.97349
OC(=O)C(=O)O,-1454.03348
CCCC(=O)O,-1190.87277
O=C(O)CCCC(=O)O,-1904.80391
O=C(O)CCCCC,-1490.7873
O=C(O)CCCCC(=O)O,-2054.77009
O=C(O)CCCCCCC,-1790.67695
O=C(O)CCCCCCCCCCC,-2390.51153
O=C(O)C(=C)C,-1163.04377
O=C(O)C=CC=CC,-1435.39312
O=C(O)c(cccc1)c1,-1531.51267
c1cc(C)ccc1C(=O)O,-1681.69908
c1cccc(C)c1C(=O)O,-1681.66997
O=C(O)Cc(cccc1)c1,-1681.54363
O=C(O)c(c(ccc1)C(=O)O)c1,-2245.23642
O=C(O)CCCCCCCCCCCCCCC,-2990.3422
O=C(O)C(O)(c(cccc1)c1)c(cccc2)c2,-2767.28272
O=C(OC(C1C(C2(CC(O)(C3=C)CC4)C3)C(=O)O)(C24)C=CC5O)C15C,-4402.43893
O=C(O)C(C)C,-1190.86452
O=C(O)C(CC)CC,-1490.70961
CCCC(CCC)C(O)=O,-1790.70626
O=C(O)C(CCCC1)C1,-1613.51443
O=C(O)COc(cccc1)c1,-1976.31202
O=C(O)CCCCCCCCCC,-2240.57096
O=C(O)CCCCCCCCC=C,-2212.73595
O=C(NCC(=O)O)c(cccc1)c1,-2299.54344
OC(=O)c1ccsc1,-1435.40471
O=C(O)C(OC=C1)=C1,-1553.22608
O=COC,-890.18282
O=C(OC)C,-1040.48377
O=C(OCC)C,-1190.56099
O=COCCC,-1190.24845
O=C(OC)CC,-1190.41367
O=C(OCCC)C,-1340.49909
O=C(OC)CCC,-1340.397
O=COCC(C)C,-1340.21035
O=C(OC(C)C)C,-1340.67593
O=C(OCCCC)C,-1490.50199
O=C(OC)CCCC,-1490.33525
O=C(OCC(C)C)C=C,-1612.4517
O=C(OCC)CC(=O)OCC,-2203.89857
O=C(OCCCCC)C,-1640.379
O=C(OC)CCCCC,-1640.2553
O=C(OCC)CCCC,-1640.41153
O=C(OCCC(C)C)C,-1640.48085
O=C(OCCCCCC)C,-1790.37494
O=C(OC)CCCCCCC,-1940.21282
O=C(OCC)CCCCCC,-1940.34638
O=C(OCC(OC(=O)C)COC(=O)C)C,-3067.61443
O=C(OCC)CCCCCCC,-2090.28765
O=C(OCC)CCCCCCCCC,-2390.21018
O=C(OC)C=C,-1162.43258
O=C(OCC)C=C,-1312.50562
O=C(OC)C(=C)C,-1312.55964
O=C(OCC)c(cccc1)c1,-1831.09443
O=C(OC)c(c(ccc1)C(=O)OC)c1,-2544.27096
O=C(OCCC)c(cccc1)c1,-1981.03316
O=C(OCC)c(c(ccc1)C(=O)OCC)c1,-2844.43519
O=C(OCC(C)C)c(c(ccc1)C(=O)OCC(C)C)c1,-3444.29491
O=C(OCC(CCCC)CC)c(c(ccc1)C(=O)OCC(CCCC)CC)c1,-4643.69301
O=C(OCc(cccc1)c1)c(c(ccc2)C(=O)OCCCC)c2,-3784.9588
COCOC,-1066.21644
COCCC,-921.62986
COC(C)C,-921.78988
COCCCC,-1071.59848
CCOCCC,-1071.70455
CCOC(C)C,-1071.83478
O(CCCC1)C1,-1044.7089
CCCOCCC,-1221.67823
O(C(C)C)C(C)C,-1221.93775
CCOCCOCC,-1516.49767
O(C(OCC)C)CC,-1516.82955
CCCCOCCCC,-1521.5954
CCOC=C,-894.0057
c1ccccc1Oc2ccccc2,-1903.29042
o2c1ccccc1oc3ccccc23,-2171.30671
Cc1cccc(c1)Oc2cccc(c2)C,-2203.62727
O(C1C)C1,-743.66333
O(CCC1)C1,-894.65676
O(C(CC1)C)C1,-1044.76042
O1C=CC=C1,-839.47208
o(c(c(c1cccc2)ccc3)c3)c12,-1876.22133
O=C(O)C(O)(CC(=O)O)CC(=O)O,-2913.79385
OCC1C(O)C(O)C(O)C(O)O1,-2671.27615
O1CC(O)C(O)C(O)C1(O)CO,-2671.30761
CC13CCC(=O)C=C1CCC4C2CCC(O)(C(=O)CO)C2(C)CC(=O)C34,-4434.79159
C1(=O)C=C2CCC3C4CC(C)C(O)(C(=O)CO)C4(C)CC(O)C3(F)C2(C)C=C1,-5036.63216
CC(=O)OCC(=O)C3(O)CCC4C2CCC1=CC(=O)CCC1(C)C2C(=O)CC34C,-5002.8715
C1C2=CC(=O)C=CC2(C)C3C(O)CC4(C)C(O)(C(=O)CO)CCC4C3C1,-4434.33068
O=C(OC(C(C(C(C(C(C(=CC(=O)C1)C2)(C1)C)C3)C2SC(=O)C)C4)(C3)C)(C4)C5)C5,-4739.34714
O=C(C(C(C(C(c(c(cc(O)c1)C2)c1)C3)C2)C4)(C3)C)C4,-3099.56241
C1C(=O)C=C2CCC3C4CCC(C(=O)COC(=O)C)C4(C)CCC3C2(C)C1,-4439.64436
O=C(C=C(C(C(C(C(C(C(O)(C)C1)(C2)C)C1)C3)C2)(C4)C)C3)C4,-3453.58255
C1C(=O)C=C2CCC3C4CCC(=O)C4(C)CCC3C2(C)C1,-3276.47607
O=C1C=C2CCC3C4CC(OC(=O)C)C(O)(C(=O)COC(=O)C)C4(C)CC(O)C3(F)C2(C)C=C1,-6318.55682
CC(=O)C3(O)CCC4C2CCC1=CC(=O)CCC1(C)C2CCC34C,-3871.79983
O=C1C=C2CCC3C4CC5OC(C)(C)OC5(C(=O)CO)C4(C)CC(O)C3(F)C2(C)C=C1,-5604.47014
CC34CC(O)C1(F)C(CCC2=CC(=O)C=CC12C)C3CC(O)C4(O)C(=O)CO,-5181.45403
C1=CC(=O)C=C2CCC3C4CC(C)C(O)(C(=O)CO)C4(C)CC(O)C3(F)C12C,-5036.50662
CC1CC2C3CCC(O)(C(=O)C)C3(C)CC(O)C2(F)C4(C)C=CC(=O)C=C14,-4741.25754
C1(=O)C=C2CCC3C4CC(C)C(O)(C(=O)COC(=O)C)C4(C)CC(O)C3(F)C2(C)C=C1,-5604.72651
C1=CC(=O)C=C2CCC3C4CC(C)C(OC(=O)CCCC)(C(=O)CO)C4(C)CC(O)C3(F)C12C,-6054.61061
O(c(c(O)ccc1)c1)C,-1557.84881
O=C(O)c(ccc(O)c1)c1,-1827.02312
O=Cc(ccc(O)c1)c1,-1530.91606
O=Cc(ccc(OC)c1)c1,-1680.43605
O(C(C(O)C(O)C1O)CO)C1Oc(c(ccc2)CO)c2,-3906.68635
O=C(Oc(cccc1)c1)c(c(O)ccc2)c2,-2617.06089
ClCC(O)CCl,-1279.12314
FC(F)(F)C(O)C,-2129.50703
Oc(ccc(c1)Cl)c1,-1366.56874
c1ccc(Cl)cc1O,-1366.58423
Oc(ccc(c1)Br)c1,-1321.96969
c1cc(Cl)cc(Cl)c1O,-1619.9773
c1c(Cl)c(Cl)cc(Cl)c1O,-1873.41063
Oc(c(c(c(c1Cl)Cl)Cl)Cl)c1Cl,-2380.12651
c1cc(Cl)c(C)cc1O,-1516.77537
O=C(O)CCl,-1144.1446
O=C(O)c(c(ccc1)Cl)c1,-1784.9778
O=C(O)c(cccc1Cl)c1,-1785.02043
ClCCOCCCl,-1428.66722
COc1ccc(cc1)C(c2ccc(OC)cc2)C(Cl)(Cl)Cl,-3558.50414
COc1c(Cl)ccc(Cl)c1C(O)=O,-2483.29425
CCN(CC)CC,-1126.03075
CCCNCCC,-1126.17712
CCCCCCCN,-1276.2897
CN(C)C,-676.09937
CCCN(CCC)CCC,-1575.83954
NCC(CCCC)CC,-1426.31797
CCCCNCCCC,-1426.15405
c1ccccc1N,-1017.52571
c1cccc(N)c1N,-1217.32307
c1cc(N)ccc1N,-1217.36633
c1cccc(C)c1N,-1167.60876
c1cc(C)ccc1N,-1167.64792
c1ccc(C)cc1N,-1167.69739
c1ccccc1CN,-1167.15159
c1ccccc1NCC,-1317.24284
c1ccccc1N(CC)CC,-1616.95659
Nc(ccc(c(ccc(N)c1)c1)c2)c2,-2008.3014
c1ccccc1Nc2ccccc2,-1808.06491
Nc(ccc(c1)Cc(ccc(N)c2)c2)c1,-2158.22506
N(N)c(cccc1)c1,-1216.44094
c1ccccn1,-867.33432
c1ccc(C)c(C)n1,-1167.62604
c1cc(C)cc(C)n1,-1167.69614
Cc1cccc(C)n1,-1167.67751
c1cc(C)c(C)cn1,-1167.64332
c1c(C)cc(C)cn1,-1167.64945
n(c(c(ccc1)cc2)c1)c2,-1385.54625
n(c(ccc1)c(nccc2)c2)c1,-1707.47871
n(ccc(c1)c(ccnc2)c2)c1,-1707.89818
n(cccc1C(N(CC2)C)C2)c1,-1789.34001
NNC(=O)c1ccncc1,-1684.50752
O=C(N)c(cccn1)c1,-1485.65642
n(cccc1CO)c1,-1312.63186
O=C(N)c(nccn1)c1,-1535.24938
n(cccn1)c1,-917.12025
c1ccc2c(c1)ccc3ncccc23,-1903.86856
c1ccc2ncsc2c1,-1289.66902
s1cccc1,-721.46795
n(c(c(ccc1)cc2)c1)c2c(nc(c(ccc3)c4)c3)c4,-2744.18488
n(c(c(ccc1)cc2)c1O)c2,-1681.06381
o(c(c(n1)ccc2)c2)c1,-1407.60606
n(nccc1)c1,-916.55879
c1cc2ncccc2c(O)c1,-1681.0013
C1(C)=CSC=C1,-871.62928
C1=CSC(CC)=C1,-1021.61807
Cc1cc(O)no1,-1333.73668
O=C(N(N(C1=O)c(cccc2)c2)c(cccc3)c3)C1CCCC,-3566.04662
COC(=O)C1C(CC2CCC1N2C)OC(=O)c3ccccc3,-3739.27891
CN(C)CCCN2c1ccccc1CCc3ccccc23,-3029.5961
CN(C)CCCN2c1ccccc1Sc3ccc(Cl)cc23,-3160.52017
CCC1(C(=O)NC(=O)NC1=O)C2=CCCCC2,-2949.89327
C=CCC1(CC=C)C(=O)NC(=O)NC1=O,-2648.86023
CC(C)(S)C(N)C(O)=O,-1717.17625
OC2(CCN(CCCC(=O)c1ccc(F)cc1)CC2)c3ccc(Cl)cc3,-4399.31077
CN2C(=O)NC(=O)C(C)(C1=CCCCC1)C2=O,-2949.72624
Oc(ccc(C(=C(c(ccc(O)c1)c1)CC)CC)c2)c2,-3071.58622
O=C(NC(C(O)c(ccc(N(=O)=O)c1)c1)CO)C(Cl)Cl,-3893.46041
O=C(N(c(c(C1(C(N(C2)CC(C3C4C5OC6)=C6)C3)C2)ccc7)c7)C14)C5,-3838.23796
CCC1(CC)C(=O)NC(=O)NC1=O,-2404.85332
O=C(OCC(CCC)(C)COC(=O)N)N,-2903.84663
O=S(=O)(Nc(nc(cc1C)C)n1)c(ccc(N)c2)c2,-3175.71364
c1ccccc1N2C(=O)C(N(C)C)=C(C)N2C,-2678.86649
c1ccc2Sc3ccccc3N(CCCN(C)C)c2c1,-2906.90748
O=S(=O)(N)c(c(cc(NCNS1(=O)=O)c12)Cl)c2,-3328.25613
NS(=O)(=O)c1c(Cl)cc2N=CNS(=O)(=O)c2c1,-3300.95375
O=C(OCCN(CC)CC)c(ccc(N)c1)c1,-2830.16192
c1ccc2Sc3ccccc3N(CC(C)N(C)C)c2c1,-2906.88312
O=C1NCCN1c2ncc(s2)N(=O)=O,-2622.07297
CC(=O)Nc1ccc(OCC)cc1,-2180.9457
O=S(=O)(N)c(ccc(N)c1)c1,-1984.94324
OCCN4CCN(CCCN2c1ccccc1Sc3ccc(cc23)C(F)(F)F)CC4,-5481.1937
c12ncnc(N)c1ccn2C3OC(CO)C(O)C3(O),-3465.99359
c1cc(N)ccc1S(=O)(=O)Nc2nccs2,-2729.42909
CCCC(C)C1(CC)C(=O)NC(=O)NC1=O,-2854.63305
CC(C)C1(CC=C)C(=O)NC(=O)NC1=O,-2676.68985
O=C1NC(=S)NC(=O)C1(CC=C)C(C)CCC,-2857.44973
CCCCC1(CC)C(=O)NC(=O)NC1=O,-2704.76289
O=C(NC(=O)C(Br)(CC)CC)N,-2222.06569
O=C(NC(=O)c1cccc2)c12,-1826.85045
c1cc2OC(=O)C=Cc2cc1,-1776.42246
CCc2nnc(NS(=O)(=O)c1ccc(N)cc1)s2,-3078.84077
O(c(c(O)ccc1CC=C)c1)C,-1979.89822
c1ccccc1C2(CC=C)C(=O)NC(=O)NC2=O,-3017.34917
CN4CCN(CCCN2c1ccccc1Sc3ccc(cc23)C(F)(F)F)CC4,-5036.11791
c1cc(N)ccc1S(=O)(=O)Nc2nc(OC)nc(OC)c2,-3765.47019
CCC1(C(=O)NCNC1=O)c2ccccc2,-2626.51538
CCCCC1C(=O)N(N(C1=O)c2ccc(O)cc2)c3ccccc3,-3861.38887
O=S(=O)(N)c(c(cc(NC(NS1(=O)=O)C(Cl)Cl)c12)Cl)c2,-3984.97109
O=C(Nc(c(ccc1)C)c1C)CN(CC)CC,-2685.08278
O=C(NS(=O)(=O)c(ccc(N)c1)c1)C,-2553.55732
OCC(O)C(O)CO,-1807.7905
OC(c(cccc1)c1)C(NC)C,-1912.15166
O=C(NCCCC)NS(=O)(=O)c(ccc(N)c1)c1,-3203.16371
CCN(CC)CCNC(=O)c1cc(Cl)c(N)cc1OC,-3433.20436
Cc1ncc(N(=O)=O)n1CCO,-2299.76933
CCOc2ccc1nc(sc1c2)S(N)(=O)=O,-2851.7897
CCC1(C(=O)NC(=O)NC1=O)C2=CCCCCC2,-3099.80787
Oc1cc(O)c2C(=O)CC(c3cc(O)c(O)cc3)Oc2c1,-3776.49925
c1cc(N)ccc1S(=O)(=O)Nc2ncc(C)cn2,-3025.4345
c1cc(N)ccc1S(=O)(=O)Nc2ncc(OC)cn2,-3320.02259
c1cc(C)ccc1S(=O)(=O)NC(=O)NC2CCCCC2,-3426.20219
COc2cc(Cc1cnc(N)nc1N)cc(OC)c2OC,-3592.66658
OC3N=C(c1ccccc1Cl)c2cc(Cl)ccc2NC3=O,-3473.97867
Cc1ccc(cc1)S(=O)(=O)NC(=O)NN2CCCCCC2,-3624.58702
n(c(ccc1)C(Cl)(Cl)Cl)c1Cl,-2030.91608
CN(C)C(=O)Nc1cccc(OC(=O)NC(C)(C)C)c1,-3448.80421
c1ccccc1c2c(F)cc(C(C)C(=O)O)cc2,-3074.50165
CCOP(=S)(OCC)N2C(=O)c1ccccc1C2=O,-3385.444
CC1=C(SCCO1)C(=O)Nc2ccccc2,-2603.20686
CN(C)C=Nc1ccc(Cl)cc1C,-2042.79653
o1c(N(=O)(=O))ccc1C=NO,-2216.0651
CNC(=O)Oc1ccccc1C2OCCO2,-2893.7732
O=C(O)C(c(ccc(c1)CC(C)C)c1)C,-2431.59074
COc2ccc1cc(ccc1c2)C(C)C(O)=O,-2794.72719
c1ccccc1CNC(=O)CN2C(N(=O)=O)=NC=C2,-3262.7705
c1ccccc1c2ccc(C(=O)CCC(=O)O)cc2,-3040.44238
C1CCCCN1c2nc(N)n(=O)c(N)c2,-2532.85909
n1c(N)nc(N)c(Cc2cc(OC)c(OCCOC)c(OC)c2)c1,-4187.41891
C1CN(CCC2=CC=CS2)CCC1(COC)N(C(=O)CC)c3ccccc3,-4246.54814
n1cncn1CC(O)(c2ccc(F)cc2)c3ccccc3F,-3924.43426
N1C(=O)NC(=O)C(F)=C1,-1960.9611
CNN,-575.60572
C1=C(C)C(=O)NC(=O)N1,-1659.1819
C1=CC(=O)NC(=O)N1,-1509.08565
CCC1(CCC(=O)NC1=O)c2ccccc2,-2577.11921
O=NN(CCCC1)C1,-1415.70952
N(=Nc(cccc1)c1)c(cccc2)c2,-1979.37689
O(CCN(C1)C)C1,-1243.81476
N(CCCC1)C1,-949.27001
O(CCNC1)C1,-1094.17914
N(CCC1)C1,-799.16998
NC(=NC(#N))N,-1043.85383
C1=CC(=O)NC(=O)N1C,-1658.84963
O=C(NCC1)C1,-1067.93624
N(CCCC1)(C1)C,-1098.90484
CN1C(=O)C=CC=C1,-1312.88466
C=CC#N,-593.96641
c1ccccc1C#N,-1112.56555
N#Cc(c(C#N)ccc1)c1,-1407.401
N(Nc(cccc1)c1)c(cccc2)c2,-2007.01744
Oc(ccc(N)c1)c1,-1312.88176
c1cccc(N)c1C(=O)O,-1731.56818
O=C(O)c(ccc(N)c1)c1,-1731.59073
O=C(OC)N,-1090.4408
O=C(OCCCC)N,-1540.42234
O=C(OCC(C)C)N,-1540.49379
O=C(OC(C)(C)C)N,-1540.74903
O=C(OCc1ccccc1)N,-1881.12501
NC(=O)N,-845.31626
O=C(N)NO,-1139.23507
O=C(N)N(C)N=O,-1461.3292
O=C(N)N(CC)N=O,-1611.33317
O=C(N(C)C)N(C)C,-1444.18143
NC(=O)NCc1ccccc1,-1785.7396
CC(=O)N,-795.38093
CC(=O)N(C)C,-1094.80921
O=C(N)c(cccc1)c1,-1435.91684
O=C(N)c(c(ccc1)C(=O)N)c1,-2054.29251
O=C(Nc(cccc1)c1)C,-1585.95868
O=C(N(C)C)Nc(cccc1)c1,-1935.31287
CNC(=O)Oc1ccccc1OC(C)C,-2625.76885
C1=CC2C(N(C)C5)Cc3ccc(O)c4c3C2(C5)C(O4)C1O,-3415.06923
COc1ccc2CC5C3C=CC(O)C4Oc1c2C34CCN5C,-3565.41082
CCCN(=O)=O,-1237.39133
O=N(=O)c(cccc1)c1,-1578.01281
O=N(=O)c(c(ccc1)C)c1,-1728.14578
O=N(=O)c(cccc1C)c1,-1728.17921
O=N(=O)c(ccc(c1)C)c1,-1728.21012
O=N(=O)c(ccc(O)c1)c1,-1873.52056
O=N(=O)c(c(O)ccc1)c1,-1873.5552
O=N(=O)c(cccc1O)c1,-1873.41766
O=N(=O)c(cc(N(=O)=O)c(O)c1C(CC)C)c1,-3233.87786
O=C(O)c(cccc1N(=O)=O)c1,-2291.87365
O=N(=O)c(c(OC)ccc1)c1,-2022.84992
O=N(=O)c(ccc(OC)c1)c1,-2023.06231
O=N(=O)c(cccc1N)c1,-1777.96691
O=N(=O)c(ccc(N)c1)c1,-1778.12702
NC(=N)NCC(=O)O,-1612.54227
Nc(ccc(c1)Cl)c1,-1271.10163
Nc(c(ccc1)Cl)c1,-1271.0979
Nc(ccc(c1Cl)Cl)c1,-1524.5922
FC(F)(F)c(cccc1N)c1,-2524.74741
Nc(c(cc(c(ccc(N)c1Cl)c1)c2)Cl)c2,-2515.4295
Clc1cccc(Cl)c1C#N,-1619.56392
n(c(nc(n1)NCC)NCC)c1Cl,-2220.08463
n(c(nc(n1)N(CC)CC)NCC)c1Cl,-2519.78269
CCNc1nc(Cl)nc(NC(C)(C)C#N)n1,-2664.82094
CC(C)Nc1nc(Cl)nc(NC(C)C)n1,-2520.12591
CC(C)OC(=O)Nc1cccc(Cl)c1,-2434.81057
O=C(N(OC)C)Nc(ccc(c1)Cl)c1,-2482.75767
O=C(N(C)C)Nc(ccc(c1)Cl)c1,-2188.87572
O=C(N(OC)C)Nc(ccc(c1Cl)Cl)c1,-2736.21361
O=C(N(C)C)Nc(cccc1C(F)(F)F)c1,-3442.53456
CC(C)N(C(=O)CCl)c1ccccc1,-2288.7137
CCCCN(C)C(=O)Nc1ccc(Cl)c(Cl)c1,-2892.23758
CC1=C(Cl)C(=O)N(C(C)(C)C)C(=O)N1,-2512.26891
CN(C)C(=O)Nc2ccc(Oc1ccc(Cl)cc1)cc2,-3274.56646
O=N(=O)c(ccc(Oc(c(cc(c1)Cl)Cl)c1)c2)c2,-3170.81725
CCCN(CCC)c1c(cc(cc1N(=O)=O)C(F)(F)F)N(=O)=O,-4944.28432
CC(C)(C)C(=O)C(Oc1ccc(Cl)cc1)n2cncn2,-3350.57124
CCCCS,-803.54375
c1ccccc1S,-994.57564
CCNc1nc(NC(C)C)nc(SC)n1,-2443.64706
CCNc1nc(NC(C)(C)C)nc(SC)n1,-2593.65217
N(C(=S)NC1)C1,-998.61957
CCNC(=S)NCC,-1325.7734
NC(=S)Nc(cccc1)c1,-1516.67314
n(ccc(n1)O)c1S,-1389.80759
O=C(NS(=O)(=O)c1cccc2)c12,-2176.08337
O=S(=O)(N)c(ccc(c1)C)c1,-1935.04873
O=S(=O)(N)c(c(ccc1)C)c1,-1934.99392
CCCN(CCC)c1c(cc(cc1N(=O)=O)S(N)(=O)=O)N(=O)=O,-4404.4816
O=P(OCC)(OCC)OCC,-2299.48358
O=P(Oc1ccc(O)cc1C)(Oc2cc(O)ccc2C)Oc3c(O)cccc3C,-5108.66796
CCOP(=S)(OCC)SCSCC,-2388.57147
CCOP(=S)(OCC)SCCSCC,-2538.63326
COP(=S)(OC)SCN2C(=O)c1ccccc1C2=O,-3411.62759
COP(=S)(OC)Oc1nc(Cl)c(Cl)cc1Cl,-3181.96027
COP(=S)(OC)Oc1ccc(cc1)N(=O)=O,-3132.14167
COP(=S)(OC)Oc1ccc(cc1Cl)N(=O)=O,-3385.45525
CCOP(=S)(OCC)SCSP(=S)(OCC)OCC,-3647.24359
O=P(SCCCC)(SCCCC)SCCCC,-2842.75353
COP(=S)(OC)Oc1cc(Cl)c(Br)cc1Cl,-3087.66126
COP(=S)(OC)Oc1cc(Cl)c(Cl)cc1Cl,-3132.2358
O=C(O)CCC(C(C(C(C(C(C(C(C1)CC(O)C2)(C2)C)C3)C1O)C4)(C3O)C)C4)C,-4966.96678
O=C(O)CCC(C(C(C(C(C(C(C(C1)CC(O)C2)(C2)C)C3)C1)C4)(C3O)C)C4)C,-4671.71062
C1C(O)CC2CC(O)C3C4CCC(C(C)CCC(=O)O)C4(C)CCC3C2(C)C1,-4671.57217
CC(CCC(O)=O)C3CCC4C2C(O)CC1CC(O)CCC1(C)C2CCC34C,-4671.72094
c1cc2N3C(C)=NN=C3CN=C(c4c(Cl)cccc4)c2cc1Cl,-3527.10424
COc1ccc2n(C(=O)c3ccc(Cl)cc3)c(C)c(CC(=O)O)c2c1,-4184.12232
s1c(N)ncc1,-971.25116
N(c(c(c(ccc1)cc2)c1)c2)=C=S,-1807.46839
N#CCCCl,-875.3049
N#CCC=CC,-894.12021
O=C(Nc(ccc(N)c1)c1)C,-1785.84645
O=C(Nc(ccc(c1)Br)c1)C,-1794.91498
O=C(Nc(ccc(c1)F)c1)C,-2038.15923
O=C(Nc(ccc(c1)C=O)c1)C,-2003.84171
O=C(Nc(ccc(c1)I)c1)C,-1795.85027
O=C(Nc(ccc(c1)OC)c1)C,-2030.86221
CN(C)C(=O)NC1CCCCCCC1,-2316.94066
CCCCOc2cc(C(=O)NCCN(CC)CC)c1ccccc1n2,-3997.70293
CN(C)CCC=C2c1ccccc1COc3ccccc23,-3097.77163
FC(F)(F)c(cccc1C(n(ncn2)c2)(c(cccc3)c3)c(cccc4)c4)c1,-4872.14057
N(c(c(ccc1)C2)c1)C2,-1290.13625
O=C(NC1C2C3CCCC3C(C1)C2)N(C)C,-2562.0487
CC(C)c1ccc(NC(=O)N(C)C)cc1,-2385.35158
Cc1ccc2C(=O)C(C(=O)O)=CN(CC)c2n1,-2894.75014
C1CNCCN1c2ncc3C(=O)C(C(=O)O)=CN(CC)c3n2,-3766.12389
CC34CCC1C(CCC2=CC(=O)CCC12)C3CCC4(O)C#C,-3397.62368
CC(=O)OC3(CCC4C2CCC1=CC(=O)CCC1C2CCC34C)C#C,-3966.08895
O=C1C=C2C(C)CC3C4CCC(O)(C(=O)CO)C4(C)CC(O)C3C2(C)C=C1,-4583.99893
Oc1c(I)cc(C#N)cc1I,-1827.3355
O=C1NC(=S)NC(=O)C1(CC)C(C)CCC,-2735.39804
O=C(NC(=O)C(O)(C1=O)C(O)(C(=O)NC(=O)N2)C2=O)N1,-4172.74744
Cc1c(C)cc2N=C3C(=O)NC(=O)N=C3N(CC(O)C(O)C(O)CO)c2c1,-4875.13301
O=C(O)c(c(c(N)cc1Cl)Cl)c1,-2238.43946
ClCC#CCOC(=O)Nc1cccc(Cl)c1,-2782.24034
CN(C)C2C1CC4C(=C(O)C1(O)C(=O)C(=C2O)C(N)=O)C(=O)c3c(O)cccc3C4(C)O,-5760.84832
O=C(N)C(=C(O)C(N(C)C)C(C1(O)C(O)=C(C2C(O)(c(c3c(O)cc4)c4)C)C3=O)C2O)C1=O,-6057.1428
O=C(O)C(N)Cc(cccc1)c1,-2031.04394
CN(C)C(=O)C(c1ccccc1)c2ccccc2,-2675.92537
CC(C)N(C(C)C)C(=O)SCC(Cl)=C(Cl)Cl,-2903.90655
O=C(O)C(N)CCSC,-1716.89777
CCCCN(CC)C(=O)SCCC,-2171.31521
O=C(OC)c(cccn1)c1,-1730.76299
CCCOC(=O)c1ccc(N)cc1,-2181.12248
O=C(OCC1)C1,-1163.22141
O=C(OC)c(cc(O)c(O)c1O)c1,-2566.95668
O=C(OC)c(ccc(O)c1)c1,-1976.52427
O=C(OCC)C=Cc(cccc1)c1,-2103.37635
O=C(OCC)CCC(=O)OCC,-2353.98956
O=C(OCC=C)c(c(ccc1)C(=O)OCC=C)c1,-3088.54087
O=C(OCCCC)c(cccc1)c1,-2131.02198
O=C(OC)c(ccc(N)c1)c1,-1881.0817
CCCCCCOC(=O)c1ccc(N)cc1,-2631.0288
CCCCCCCOC(=O)c1ccc(N)cc1,-2780.97041
CCCCCCCCOC(=O)c1ccc(N)cc1,-2930.8485
O=C(Nc(cccc1)c1)c(c(O)ccc2)c2,-2522.05838
ONc(cccc1)c1,-1311.60777
S(c(cccc1)c1)C,-1144.37819
O=CNc(cccc1)c1,-1435.66611
c1cc(NC(=O)C)ccc1S(=O)(=O)N,-2553.32814
O=C(Nc(cccc1C)c1)C,-1736.12633
O=C(Nc(c(N(=O)=O)ccc1)c1)C,-2346.45211
O=C(N(c(cccc1)c1)C)C,-1735.61129
O=C(Nc(c(O)ccc1)c1)C,-1881.34739
c1cc(N)ccc1C(=O)OCCNCCCCC,-2980.26791
c1c(N(=O)(=O))cc2C(c3ccccc3)=NCC(=O)N(C)c2c1,-3581.61468
c1cc(OCCCC)ccc1C(=O)OCCN(CC)CC,-3525.08095
n(c(N(Cc(cccc1)c1)CCN(C)C)ccc2)c2,-2806.53748
C1C(=O)C=C2C(C)=CC3C4CCC(C(=O)C)(C)C4(C)CCC3C2(C)C1,-3848.67598
C1C(=O)C=C2C(C)=CC3C4CCC(C(=O)C)(OC(=O)C)C4(C)CCC3C2(C)C1,-4562.43378
C1CCCCC1CC,-1199.65304
c1c(Cl)c(Cl)cc(O)c1OC,-2064.84759
O=C(C(=CCC1C(=C)C)C)C1,-1712.51048
O=N(=O)NC(=N)N,-1508.89282
O=C(N)CCl,-1048.67547
O=C(NC(=O)C1=O)N1,-1654.22146
O=C(O)CCI,-1250.72774
O=N(=O)OCC(ON(=O)=O)CON(=O)=O,-3640.68471
O=C(NC(=O)C)N,-1413.50917
OCC(O)CO,-1362.60634
O=C(NC(=O)C(=O)C1=O)N1,-2072.09276
O=C(NC(=O)C(N(=O)=O)C1=O)N1,-2564.78455
O=C1N=CN=CC1,-1212.11482
O=C(NC(=O)C1)C1,-1336.58283
O=C(NCC(=O)N1)C1,-1535.94076
O=C(NC(NC(=O)N1)C1=O)N,-2204.35276
ClCCS(=O)CCCl,-1605.1546
ClCCS(=O)(=O)CCl,-1750.69568
O(CC(O)C1)C1,-1189.93919
CCC(N)C(=O)O,-1390.37607
O=C(O)CC(N)C,-1390.47122
O=C(O)C(N)C(O)C,-1685.51286
C1(=O)NC(=O)NC(C(=O)O)=C1,-2222.73726
n(c(O)ccc1)c1,-1162.95481
n(cccc1O)c1,-1162.67244
O=C(N(C(C1=O)(C)C)Cl)N1Cl,-2190.3576
n(cc(c(n1)O)C)c1S,-1539.91328
n(c(O)cc(n1)C)c1S,-1540.00899
CCC1NC(=O)NC1(=O),-1686.22219
CC(=O)N=C1N(C)N=C(S(=O)(=O)N)S1,-2705.79562
O=C(O)C(N)CCC(=O)N,-2008.74424
N(CSC(N1C)=S)(C1)C,-1474.70552
c1c(Cl)c(Cl)c2nsnc2c1Cl,-2099.07929
c1c(Cl)nc2cncnc2n1,-1787.6155
c1cnc2cncnc2n1,-1534.27468
c1cnc2cnc(S)nc2n1,-1711.32111
c1c(S)nc2cncnc2n1,-1711.34432
O=C(O)C=CC(N=CN1)=C1,-1780.52159
CN1C(=O)NC(NC2=O)=C(N2)C1=O,-2449.5008
O=N(=O)OC(C(OCC1ON(=O)=O)C1O2)C2,-3571.76062
O=C(O)C(N)CC(N=CN1)=C1,-2007.85461
C=CCS(=O)SCC=C,-1519.35673
CN(C)NC(=O)CCC(O)=O,-2157.63454
OC1C(O)C(O)C(O)C(O)C1,-2376.25959
OC1C(O)C(O)C(O)C(O)C1O,-2671.46155
NC(=O)OCCCCC,-1690.38848
NC(=O)OCC(C)(C)C,-1690.46099
OCC(O)C(O)C(O)C(O)CO,-2698.32149
O=N(=O)c(c(c(c(c1Cl)Cl)Cl)Cl)c1Cl,-2844.89712
Oc1c(Br)cc(C#N)cc1Br,-1825.66201
O=C(O)c(c(O)c(cc1I)I)c1,-2246.31847
O=C(O)c(c(ccc1)I)c1,-1741.20704
c1cnc2c(C)ncnc2n1,-1684.48705
c1cnc2cnc(C)nc2n1,-1684.44025
c1c(C)nc2cncnc2n1,-1684.45917
c1cnc2cnc(OC)nc2n1,-1979.18411
c1c(OC)nc2cncnc2n1,-1979.3212
c1cnc2c(SC)ncnc2n1,-1861.19458
c1cnc2cnc(SC)nc2n1,-1861.13632
O=Cc(c(O)ccc1)c1,-1530.72411
O=C(O)c(cc(O)c(O)c1O)c1,-2417.49481
O=C(N)c(c(O)ccc1)c1,-1731.39401
c1ccccc1NC(=O)NN,-1834.81114
c1cc(N)ccc1S(=O)(=O)NC(=N)N,-2507.04413
O=C(CCCC1C)C1,-1317.84826
C1CCCC(C)C1=O,-1317.89641
NC(=O)OCCCCCC,-1840.34192
O=C(OC(=O)c1cccc2)c12,-1921.8104
O=C(O)Cc(c(ccc1Cl)Cl)c1Cl,-2442.11267
O=C(O)COc(c(cc(c1Cl)Cl)Cl)c1,-2736.6
OC(=O)c1ccccc1C(F)(F)F,-3038.61659
OC(=O)COc1ccccc1Cl,-2229.67973
O=C(O)COc(ccc(c1)Cl)c1,-2229.82812
O=C(OC)c(c(c(N)cc1Cl)Cl)c1,-2387.97673
C1CCCCC1OC(=O)C,-1763.32611
O=C(O)c(ccc(O)c1OC)c1,-2271.70233
Oc(cc(c(c1C)Cl)C)c1,-1666.97825
c1ccc(N)cc1C(=O)C,-1585.67597
O=C(c(ccc(N)c1)c1)C,-1585.78331
Oc(c(c(cc1)C)C)c1,-1413.24296
Oc(c(ccc1C)C)c1,-1413.28972
Oc(c(ccc1)C)c1C,-1413.23977
Oc(ccc(c1C)C)c1,-1413.2821
O=C(O)C(C(C(=O)O)C(O1)CC2)C12,-2594.9826
O=C(N(CC=C)CC=C)C(Cl)Cl,-2145.54583
O(C(OC(C1O)C(O)CO)C1O2)C2C(Cl)(Cl)Cl,-3703.93601
OC(c(cccc1)c1)CN,-1612.45452
CCN(CC)C(=S)SCC(Cl)=C,-1978.11421
CCCCC(=O)CC(=O)C,-1763.10989
CC(=O)C(CCC)C(=O)C,-1763.06457
CC(C)(C)C(=O)CC(=O)C,-1763.16361
N1CCCCC1CC(=O)C,-1667.22798
O=C1NCCN1C(=O)NCC(C)C,-2335.90847
CC1(C)CC(C)CC1,-1199.67782
CC1CCC(C)CC1,-1199.57957
C1C(CCC)CCC1,-1199.57054
C1C(C)C(C)CCC1,-1199.62276
NC(=O)OCCCCCCC,-1990.26422
CCCC(O)C(CC)CO,-1817.20895
CN2C(=O)ON(c1ccc(Cl)c(Cl)c1)C2=O,-2977.43078
Cc1cccc2sc3nncn3c12,-1934.13235
O=C(O)C(Oc(c(cc(c1)Cl)Cl)c1)C,-2633.33885
c1ccccc1C(=C)C(=O)O,-1803.6742
O=C(O)COc(c(cc(c1)Cl)C)c1,-2379.97945
O=C(C(Cc1cc(c(c(c1)I)O)I)N)O,-2745.94496
O=C(O)CCc(cccc1)c1,-1831.58586
OCC(C(O)=O)c1ccccc1,-2126.63718
O=C(c(ccc(N)c1)c1)CC,-1735.68877
c1ccccc1NC(=O)CC,-1735.87207
O=C(Oc(cccc1C)c1)NC,-2031.05123
O=C(O)C(N)Cc(ccc(O)c1O)c1,-2621.73992
OC(=O)CC(C)(C(=O)O)C(C)(C)C(=O)O,-3068.28543
C1C(N2C)CC(O)C(C(=O)O)C2C1,-2380.90666
O=C(O)CCCCCCCC(=O)O,-2504.62755
O=C(ON=C(C(C)(C)C)CSC)NC,-2487.68832
CCCCCCCCOC(=O)N,-2140.30806
ClC1=C(Cl)C(Cl)(C2(Cl)Cl)C3CC=CC3C12Cl,-2909.91638
OC1C=CC2C1C3(Cl)C(=C(Cl)C2(Cl)C3(Cl)Cl)Cl,-3205.094
O=C1C(Br)=C(N)C=NN1c2ccccc2,-2411.53639
ClC(Cl)C(Cl)(Cl)SN2C(=O)C1CC=CCC1C2=O,-3371.34723
c1ccc2c(O)cc(C)nc2c1,-1831.20025
COC(=O)C(Cl)Cc1ccc(Cl)cc1,-2488.11909
OC(=O)CCCOc1ccc(Cl)cc1Cl,-2783.48759
c1cc(N)ccc1S(=O)(=O)Nc2cnccn2,-2875.01029
COc1ccc2COC(=O)c2c1OC,-2543.4873
OC(=O)c1c(C=O)ccc(OC)c1OC,-2838.82617
O=C(O)C(Oc(c(cc(c1)Cl)C)c1)C,-2529.98312
CNC(=O)ON=C1C(C2)C(C#N)CC2C1Cl,-2804.79043
CCC2NC(=O)c1cc(c(Cl)cc1N2)S(N)(=O)=O,-3279.32562
O=C(N(S(=O)(=O)Nc1cccc2)C(C)C)c12,-2826.05397
OCC1OC(C(O)C1O)n2cnc3C(=O)NC=Nc23,-3611.17426
O(c(ccc(c1)C=CC)c1)C,-1684.91357
c1cc(Cl)ccc1S(=O)(=O)NC(=O)NCCC,-3106.69678
ClC(Cl)(Cl)C(NC=O)N1CCN(CC1)C(NC=O)C(Cl)(Cl)Cl,-4354.77882
O=C(N(C(=O)C(N(C=N1)CC(O)CO)=C12)C)N2C,-3343.68955
Nc(c(ccc1)CC)c1CC,-1617.5601
OCCN(c(cccc1)c1)CCO,-2207.19175
O=C(C(C(C1C2)(C)C)(C2)C)C1,-1740.15792
O=CC=C(CCC=C(C)C)C,-1739.45213
O=C1C(C)CCC(C(C)=C)C1,-1740.04068
O=C(O)C(C(C(C(=O)O)C1)(C)C)(C1)C,-2627.22974
OC(C(C(C1C2)(C)C)(C2)C)C1,-1767.22518
O(C(CCC1C2)(C2)C)C1(C)C,-1767.7097
OC(C=C)(CCC=C(C)C)C,-1766.65852
OC(C(CCC1C)C(C)C)C1,-1794.82795
c1cc2C(=O)C=C(C)C(=O)c2cc1,-2048.99337
c1ccc2C(O)N3CCC(O)C3=Nc2c1,-2476.20582
n(c(c(ccc1C)cc2)c1)c2C,-1685.87274
O=S(=O)(Nc(nccc1)c1)c(ccc(N)c2)c2,-2825.41916
O=S(=O)(Nc(nccc1C)n1)c(ccc(N)c2)c2,-3025.52995
Cc1cc(C)c(NC(=O)C)cc1NS(=O)(=O)C(F)(F)F,-4359.91178
O=C1N(c2ccccc2)N(C)C(C)=C1N,-2379.33616
c1cc(N)ccc1S(=O)(=O)Nc2nc(C)c(C)o2,-3147.75255
O=S(=O)(Nc(onc1C)c1C)c(ccc(N)c2)c2,-3146.6953
C1=CC(=O)N2CC(C3)CNCC3C2=C1,-2208.07149
CCSCc1ccccc1OC(=O)NC,-2507.49568
CNC(=O)Oc1cccc(N=CN(C)C)c1,-2702.44694
CCOP(=S)(OCC)SCSc1ccc(Cl)cc1,-3133.02914
CNC(=O)Oc1ccc(N(C)C)c(C)c1,-2530.20977
C1C(C)(C)CC(=O)C=C1OC(=O)N(C)C,-2653.42302
CCOP(=S)(OCC)Oc1ccc(cc1)S(C)=O,-3293.51959
CN(C)C(=O)Oc1nc(nc(C)c1C)N(C)C,-2929.80785
Cc1c(CCCC)c(O)nc(N(C)C)n1,-2462.35923
CCSC(=O)N(CC)C1CCCCC1,-2294.16348
O=C(OC)CCCCCCCCC,-2240.07193
O=C(N(CC(C)C)CC(C)C)SCC,-2321.30024
O=C(O)CCCCCCCCCCN,-2440.08057
O(c(c(O)cc(c1)Cl)c1)c(c(cc(c2)Cl)Cl)c2,-2959.12786
O=C1C=Cc2cc3ccoc3c(OC)c2O1,-2761.22027
c1c(C(F)(F)F)cccc1N2C(=O)C(Cl)=C(NC)C=N2,-4113.02796
O=NN(c(cccc1)c1)c(cccc2)c2,-2274.19923
Cc1occc1C(=O)Nc2ccccc2,-2398.6811
O=S(=O)(c(ccc(N)c1)c1)c(ccc(N)c2)c2,-2775.64304
CC(C#C)N(C)C(=O)Nc1ccc(Cl)cc1,-2582.93043
c1cc(N)ccc1S(=O)(=O)Nc2nc(C)nc(C)c2,-3175.74201
CCNC(=O)C(C)OC(=O)Nc1ccccc1,-2949.21149
c1cc(N)ccc1S(=O)(=O)Nc2nnc(C(C)(C)C)s2,-3378.67259
O=C(OCCC(C)C)c(c(O)ccc1)c1,-2576.62774
O=C(NCCCC)NS(=O)(=O)c(ccc(c1)C)c1,-3153.0433
N(CCCC)(CCCC)CCCC,-2025.68422
Clc1cc(N(=O)(=O))ccc1NC(=O)c2cc(Cl)ccc2O,-3789.41759
OC(=O)c1cccnc1Nc2cc(C(F)(F)F)ccc2,-4079.02161
c1ccc2c(c1)cnc3ccccc23,-1903.88767
O=C(Nc(cccc1)c1)Nc(cccc2)c2,-2426.40677
CC1=C(CCCO1)C(=O)Nc2ccccc2,-2576.34393
CN(C)C(=O)Oc1cc(C)nn1c2ccccc2,-2947.18064
c1cc(N)ccc1S(=O)(=O)N(C(=O)C)c2onc(C)c2C,-3715.10605
CC(=O)Oc1c(N(=O)(=O))c(C)c(N(=O)(=O))cc1C(C)(C)C,-3951.80923
CCOC2Oc1ccc(OS(C)(=O)=O)cc1C2(C)C,-3493.27061
c1cc(CC(C)C)ccc1C(C)C(=O)NO,-2629.84895
c1c(CO)c(O)ccc1C(O)CNC(C)(C)C,-2952.92688
O=C(OC)CCCCCCCCCCC,-2540.0375
ClC(=C(c1ccccc1Cl)c2ccc(cc2)Cl)Cl,-2894.7253
O=C(c(c(C(=O)c1c(O)c(O)cc2)ccc3)c3)c12,-3008.37261
O=C(NC(=O)c(c(F)ccc1)c1F)Nc(ccc(c2)Cl)c2,-4002.45792
c1ccc2C(=O)N=C(c3ccccc3)Oc2c1,-2616.89592
ClC(Cl)C(c1ccc(Cl)cc1)c2ccccc2Cl,-2922.22106
OC(=O)c1ccccc1Nc2cc(C(F)(F)F)ccc2,-4029.22758
c1ccc2cc3ccccc3c(O)c2c1,-2149.32981
Oc1ccc2Oc3cc(OC)cc(O)c3C(=O)c2c1,-3330.4818
c1ccccc1C(=O)NC(=O)c2ccccc2,-2644.63669
Cc1cc(ccc1NS(=O)(=O)C(F)(F)F)S(=O)(=O)c2ccccc2,-4999.40101
N(c(c(S1)cc(c2)C)c2)=C1c(ccc(N)c3)c3,-2430.66774
CC1=CC(=O)c2c(OC)c3ccoc3c(OC)c2O1,-3355.93298
n(c(c(c(c1)C)ccc2c(ccn3)C)c23)c1,-2253.61713
OC(c(cccc1)c1)Cc(cccc2)c2,-2203.60967
c1ccccc1C(O)C(O)c2ccccc2,-2498.90209
S=P(OCC)(OCC)Oc1ccc2C(C)=C(Cl)C(=O)Oc2c1,-4034.44667
c1ccc2C(=O)N(C(CCl)SP(=S)(OCC)OCC)C(=O)c2c1,-4115.1112
O=C1NC(=O)NC(=O)C1(CC)C2=CC(C3)CCC3C2,-3222.53104
COc2ccc(CC1NCC(O)C1OC(C)=O)cc2,-3343.83508
CC1CCCCC1NC(=O)Nc2ccccc2,-2658.2589
CN(C)C(=O)Nc1cccc(OC(=O)NC(C)(C)C)c1,-3448.80376
CC(C)OP(=S)(OC(C)C)SCCNS(=O)(=O)c1ccccc1,-4120.00568
C(O)CCCCCCCCCCCCC,-2421.49004
c1ccc2c3ccc(Cl)cc3C(O)(C(=O)O)c2c1,-2993.68876
NC(Cc2cc(I)c(Oc1ccc(O)c(I)c1)c(I)c2)C(O)=O,-4041.34459
c1ccc2Sc3ccc(CC(=O)O)cc3N(C)c2c1,-2971.9166
CN2C(=C(O)c1ccccc1S2(=O)=O)C(=O)Nc3ccccn3,-3933.64025
c1c(S(=O)(=O)N)c(Cl)cc(O)c1C(=O)Nc2c(C)cccc2C,-4042.86014
OC(=O)c1ccccc1Nc2c(C)c(C)ccc2,-2822.35121
COc1ccc(cc1)C(O)(C2CC2)c3cncnc3,-3019.84953
COc1ccc2C=CC(=O)Oc2c1CC=C(C)C,-2943.77689
O=C(OC(C(C(C=CC1=O)(CC2)C)=C1C)C23)C3C,-2971.29546
O=C(NC(CCCC1)C1)NS(=O)(=O)c(ccc(c2)C(=O)C)c2,-3844.0282
CCOC(=O)C1(CCN(C)CC1)c2ccccc2,-2902.78655
COCC(=O)N(C(C)C(=O)OC)c1c(C)cccc1C,-3493.50655
O=C(Nc(c(ccc1)C)c1C)C(N(CCC2)C)C2,-2807.9548
c1cc(OCC)ccc1C(=O)OCCN(CC)CC,-3225.2304
C1CCN2CC(C3)C4CCCCN4CC3C2C1,-2566.29486
O=C(O)CCCCCCCCCCCCCC,-2840.35577
CC2Nc1cc(Cl)c(cc1C(=O)N2c3ccccc3C)S(N)(=O)=O,-4069.83181
COc2ccc(Oc1ccc(NC(=O)N(C)C)cc1)cc2,-3465.90152
c1c(C(C)(C)C)cc(C(C)(C)C)cc1OC(=O)NC,-3080.84324
OCCCCCCCCCCCCCCCC,-2721.43325
C(O)(c1ccc(Br)cc1)(c2ccc(Br)cc2)C(=O)OC(C)C,-3634.91149
CC(C)OC(=O)C(O)(c1ccc(Cl)cc1)c2ccc(Cl)cc2,-3724.14992
CN(C)CCCN2c1ccccc1Sc3ccc(C(F)(F)F)cc23,-4414.12642
O=C(N(CCCC1)C1)C=CC=Cc(ccc(OCO2)c23)c3,-3415.41322
CCN(CC)C(=O)C(C)Oc1cccc2ccccc12,-3148.47771
CN1C2CC(CC1C3OC23)OC(=O)C(CO)c4ccccc4,-3737.693
O=C(OC(CC(N(C1C2)C)C2)C1)C(c(cccc3)c3)CO,-3471.17489
CCCCOCN(C(=O)CCl)c1c(CC)cccc1CC,-3483.86676
c1c(O)cc2ccc3C4CCC(=O)C4(C)CCc3c2c1,-3044.97136
c1c(O)cc2CC=C3C4CCC(=O)C4(C)CCC3c2c1,-3071.97481
c1c(OC)c(O)c2C3(C4)CC(=O)C=CC3C(N(C)C4)Cc2c1,-3565.99019
CNCCCN2c1ccccc1CCc3ccccc23,-2879.88096
c1c(O)cc2CCC3C4CCC(O)C4(C)CCC3c2c1,-3126.58808
C1CCC(CC1)[Sn](C2CCCCC2)C3CCCCC3.O,-3068.6384
O=C(O)CCCCCCCCCCCCCCCCC,-3290.15139
c1ccc2C(O)=C(C(c3ccccc3)CC(=O)C)C(=O)Oc2c1,-3730.54327
CC(=O)CCC1C(=O)N(c2ccccc2)N(c3ccccc3)C1=O,-3834.2695
OC(c(c(c(nc1)ccc2)c2)c1)C(N(CCC3C4C=C)C4)C3,-3297.64226
c1ccc2Sc3ccccc3N(CC4CN(C)CCC4)c2c1,-3179.83139
CN(C=Nc1ccc(C)cc1C)C=Nc2ccc(C)cc2C,-3202.69055
c1ccc2Sc3ccc(OC)cc3N(CC(C)CN(C)C)c2c1,-3501.81333
C1C(=O)C=C2CCC3C4CCC(=O)C4(C)CC(=O)C3C2(C)C1,-3544.82813
C1C(O)CC2=CCC3C4CCC(=O)C4(C)CCC3C2(C)C1,-3303.46313
O=C1C2(C(C3CCC4C(C3CC2)(C)CCCC4)CC1)C,-3035.28182
C1C(O)CC2CCC3C4CCC(=O)C4(C)CCC3C2(C)C1,-3330.87005
C1C(O)CC2CCC3C4CCC(=O)C4(C)CC(O)C3C2(C)C1,-3626.19744
COC(C)(C)CCCC(C)CC=CC(C)=CC(=O)OC(C)C,-3679.63187
CN(C)CCC=C2c1ccccc1CCc3ccccc23,-2952.82646
O(c(ccc(nccc1C(O)C(N(CCC2C3C=C)C3)C2)c14)c4)C,-3742.61175
OC(C#C)(C(C(C(C(c(c(cc(O)c1)C2)c1)C3)C2)C4)(C3)C)C4,-3370.90124
c1ccc2N(C)C3C4CC5C(CC)C(O)N4C(C56)CC3(C6O)c2c1,-3770.19567
c1c(OC)cc2c(CC(=O)O)c(C)n(C(=O)C=Cc3ccccc3)c2c1,-4202.89392
CC1(C)C(C=C(Cl)Cl)C1C(=O)OCc3cccc(Oc2ccccc2)c3,-4267.77095
c1cc(O)c2C(=O)C3=C(O)C4(O)C(=O)C(C(=O)N)=C(O)C(N(C)C)C4CC3C(O)c2c1Cl,-5865.45167
c1ccc2Sc3ccc(C(#N))cc3N(CCCN4CCC(O)CC4)c2c1,-3919.99552
C1C(=O)C=C2CCC3C4CCC(C(=O)CO)C4(C5O)CC(O5)C3C2(C)C1,-4434.96554
C1C(OC(=O)C)CC2=CCC3C4CCC(=O)C4(C)CCC3C2(C)C1,-3871.95111
CC(=O)OCC(=O)C3(O)CCC4C2CCC1=CC(=O)CCC1(C)C2C(=O)CC34C,-5003.23515
C1C(O)CC2=CCC3C4CCC(C(=O)C)C4(C)CCC3C2(C)C1,-3603.08028
O=C(N)C(=C(O)C(N(C)C)C(C1(O)C(O)=C(C2C(O)(c(c3c(O)cc4)c4Cl)C)C3=O)C2)C1=O,-6015.73249
COc2ccc1C(OC(=O)c1c2OC)C4N(C)CCc5cc3OCOc3c(OC)c45,-5263.78864
CC3C2C(O)C1C(N(C)C)C(=C(C(N)=O)C(=O)C1(O)C(=C2C(=O)c4c(O)cccc34)O)O,-5761.78295
O=C(OC(C(C(C(C(C(C(=CC(=O)C1)C2)(C1)C)C3)C2)C4)(C3)C)C4)CC,-4021.88568
COc5cc4OCC3Oc2c1CC(Oc1ccc2C(=O)C3c4cc5OC)C(C)=C,-4892.43092
CC(C)=CC3C(C(=O)OCc2cccc(Oc1ccccc1)c2)C3(C)C,-4061.03188
O=C1C=C2C(Cl)=CC3C4CCC(C(=O)C)(OC(=O)C)C4(C)CCC3C2(C)C=C1,-4638.228
CC(=O)OCCN4CCN(CCCN2c1ccccc1Sc3ccc(Cl)cc23)CC4,-4796.03758
O=C1C=C2CCC3C4CCC(O)(C(=O)COC(=O)C(C)(C)C)C4(C)CC(O)C3C2(C)C=C1,-5452.34422
O=C(NCC(=O)O)CCC(C(C(C(C(C(C(C(C1)CC(O)C2)(C2)C)C3)C1O)C4)(C3O)C)C4)C,-5735.35582
c12C(=O)C3=C(O)C4(O)C(=O)C=C(O)C(N(C)C)C4CC3C(O)(C)c1cccc2,-4847.62961
C1C(=O)C=C2CCC3C4CCC(O)(C(=O)COC(=O)CC(C)(C)C)C4(C)CC(O)C3C2(C)C1,-5630.21113
O1C(C)C(O)C(N)C(O)C1OC2C=CC=CC=CC=CCC(C)OC(=O)C=CC(O3)C3CC(O)CC4(O)OC(C(C(=O)O)C(O)C4)C2,-8712.01254
CCC(C)CC,-926.76987
CC(C)CC(C)C,-1076.69676
CCCC=C,-749.0082
C1CC=CCC1,-872.00968
C=CCC=C,-721.13001
C1=CC=CC=CC1,-966.62346
CCCCCCC#C,-1170.94977
c1ccccc1CC,-1117.66112
c1c(C)cc(C)cc1C,-1268.04412
c(c(ccc1)CC2)(c1)C2,-1240.56218
c1ccccc1CC(C)C,-1417.61216
c1ccccc1CCCCCC,-1717.47449
c1ccccc1CCc2ccccc2,-1908.35168
c1ccc2ccccc2c1CC,-1635.86814
c1c(C)cc2ccccc2c1C,-1636.09511
c(c(ccc1)cc(c2ccc3)c3)(c1)c2,-1853.92814
Cc2c1ccccc1c(C)c3ccccc23,-2153.96625
c(c(cc(c1ccc2)c2)cc(c3ccc4)c4)(c1)c3,-2372.09761
c1ccc2ccc3c4ccccc4ccc3c2c1,-2372.39817
c1ccc2ccc3nccnc3c2c1,-1953.46561
Nc3cc2c1ccccc1ccc2c4ccccc34,-2572.27386
c(c(ccc1C)cc(c2ccc3cccc4)c34)(c1CC5)c25,-2795.27736
BrCBr,-594.6459
ClC(Cl)(Cl)Cl,-1190.01632
ClCCCl,-833.78913
ClC(Cl)C(Cl)Cl,-1340.38288
CCCCl,-730.43254
CC(I)C,-686.88886
BrCC(Br)C,-894.82883
BrCCCC,-835.83049
CC(Cl)C(Cl)C,-1134.09377
BrCCC(C)C,-985.81577
CCCCCCCCBr,-1435.59079
CCCCCCCBr,-1285.68577
BrC=CBr,-716.82463
ClC1C=CC2C1C3(Cl)C(=C(Cl)C2(Cl)C3(Cl)Cl)Cl,-3163.40671
ClC(Cl)=C(Cl)C(Cl)=C(Cl)Cl,-2091.77948
c1ccccc1Br,-1026.53096
c1cccc(Cl)c1Br,-1280.01829
c1ccc(Br)cc1Br,-1235.45144
c1cc(Br)cc(Br)c1Br,-1444.31897
c1c(Cl)c(Cl)c(Cl)c(Cl)c1Cl,-2084.82885
c1ccc(F)cc1F,-1722.01603
c1ccccc1c2ccc(Cl)cc2,-1861.95666
c1cc(Cl)ccc1c2c(Cl)cccc2,-2115.55667
c1cccc(Cl)c1c2c(Cl)ccc(Cl)c2,-2369.11913
c1cc(Cl)c(Cl)cc1c2c(Cl)cccc2,-2368.99977
c1ccccc1c2c(Cl)c(Cl)c(Cl)c(Cl)c2,-2622.2889
c1c(Cl)ccc(Cl)c1c2c(Cl)cccc2Cl,-2622.67746
c1c(Cl)ccc(Cl)c1c2c(Cl)c(Cl)c(Cl)cc2,-2875.99192
Clc1c(Cl)c(Cl)c(Cl)c(Cl)c1c2ccccc2,-2875.72481
c1c(Cl)ccc(Cl)c1c2c(Cl)c(Cl)c(Cl)c(Cl)c2,-3129.38534
c1cc(Cl)c(Cl)c(Cl)c1c2c(Cl)c(Cl)c(Cl)cc2,-3129.35597
Clc1c(Cl)cc(Cl)c(Cl)c1c2c(Cl)c(Cl)cc(Cl)c2Cl,-3636.34687
ClC(Cl)C(c1ccc(Cl)cc1)c2ccc(Cl)cc2,-2922.27546
c(c(ccc1Br)ccc2)(c2)c1,-1544.77331
CCCC(O)C,-1072.15455
OCC(C)(C)C,-1072.05653
CC(C)C(C)CO,-1222.01688
CC(C)CCCO,-1221.98193
OC(C(C)(C)C)C,-1222.14762
OC(CCCCC)C,-1372.11015
OCC(C)CC(C)C,-1371.92249
CC(C)C(O)(C)CC,-1372.17174
CC(O)(C)C(C)(C)C,-1372.21707
CCC(C)(O)CCCC,-1522.14108
OCCCCCCCCCC,-1821.825
OCc(ccc(c1)C)c1,-1412.91377
Oc(c(O)ccc1)c1,-1408.34124
c1ccc(C)cc1O,-1263.19406
Oc(c(ccc1C)C(C)C)c1,-1713.16059
Oc(ccc(c1ccc2)c2)c1,-1631.25241
CCCC=O,-894.73182
O=CCCCCCCCC,-1644.36388
O=CC(OC=C1)=C1,-1257.2064
O=C(CCCC1)C1,-1167.94939
O=C(CCCCCCC)C,-1644.89782
C1(=O)C=CC(=O)C=C1,-1380.14293
O=C(c(cccc1)c1)c(cccc2)c2,-2026.27323
O=C(O)CCC(=O)O,-1754.78198
CCCCCCCCCC(=O)O,-2090.57659
O=C(O)c(cccc1C)c1,-1681.66799
O=C(O)C=Cc(cccc1)c1,-1803.71122
O=C(O)Cc(c(c(ccc1)cc2)c1)c2,-2199.77272
O=C(O)C(c(cccc1)c1)c(cccc2)c2,-2472.12211
O=C(O)CCCCCCCCCCCCC,-2690.40637
O=COCC,-1040.26274
O=C(OCC)CC,-1340.50924
O=C(OCC)CCC,-1490.47188
O=C(OCCC)CCC,-1640.43847
O=C(OCC)CCCCC,-1790.39962
O=C(OCC)CCCCCCCC,-2240.25695
O=C(OC)c(cccc1)c1,-1681.01829
O=C(OCCCC)c(c(ccc1)C(=O)OCCCC)c1,-3444.25911
CCOCC,-921.77199
COC(C)(C)C,-1071.88003
CCCOC(C)C,-1221.80728
c1ccccc1OC,-1262.53542
O(C1c(cccc2)c2)C1,-1384.32653
CCCCOCCO,-1516.91956
O=C(C(O)(C(C(C(C(C(C(=CC(=O)C1)C2)(C1)C)C3O)C2)C4)(C3)C)C4)CO,-4462.42165
O=C1C=C2CCC3C4CCC(O)(C(=O)COC(=O)C)C4(C)CC(O)C3C2(C)C=C1,-5002.58139
C1C(=O)C=C2CCC3C4CCC(C(=O)CO)C4(C)CCC3C2(C)C1,-3871.43185
CC12CC(O)C3(F)C(CCC4=CC(=O)CCC43C)C2CCC1(O)C(=O)CO,-4914.253
O=C(O)c(c(O)ccc1)c1,-1827.04324
O=C(OCC)c(ccc(O)c1)c1,-2126.62225
Oc(c(ccc1)Cl)c1,-1366.47277
Clc1cc(Cl)cc(Cl)c1O,-1873.41468
O=C(O)c(ccc(c1)Cl)c1,-1785.05428
ClC4=C(Cl)C5(Cl)C3C1CC(C2OC12)C3C4(Cl)C5(Cl)Cl,-3475.9224
CCCCCCN,-1126.33439
CCCCCCCCN,-1426.32818
c1ccccc1NC,-1167.22785
c1ccccc1N(C)C,-1316.90736
c(c(c(N)cc1)ccc2)(c2)c1,-1535.72274
c1c(C)ccc(C)n1,-1167.64986
c1ccc2cnccc2c1,-1385.59411
O=C(O)c(cccn1)c1,-1581.25586
n1c(C)nc(N)cc1C,-1417.61484
N(c(c(S1)ccc2)c2)=C1S,-1466.61183
c1c(O)cc2cccnc2c1,-1680.95883
CCC1(CC)C(=O)NC(=O)N(C)C1=O,-2554.50528
O=C(OC(CC(N(C1C2)C)C2)C1)C(c(cccc3)c3)CO,-3471.15559
NS(=O)(=O)c2cc(C(O)=O)c(NCc1ccco1)cc2Cl,-3914.73379
CCC1(CCC(C)C)C(=O)NC(=O)NC1=O,-2854.68303
OCCN4CCN(CCCN2c1ccccc1Sc3ccc(Cl)cc23)CC4,-4227.71225
CC(=O)Nc1nnc(S(=O)(=O)N)s1,-2555.75762
CN1CCC=C(C(=O)OC)C1,-1934.6877
C(C)(C)C1(CC)C(=O)NC(=O)NC1(=O),-2554.62856
COc2ccc(NS(=O)(=O)c1ccc(N)cc1)nn2,-3319.59851
N(C(=S)SSC(N(CC)CC)=S)(CC)CC,-2577.70462
COC1=CC(=O)CC(C)C13Oc2c(Cl)c(OC)cc(OC)c2C3=O,-4355.16577
c1cc(N)ccc1S(=O)(=O)Nc2nnc(C)s2,-2928.89566
O=C(N(c(c(C1(C(N(C2)CC(C3C4C5OC6)=C6)C3)C2)cc(OC)c7OC)c7)C14)C5,-4728.93213
Nc1ccc(cc1)S(=O)(=O)Nc2ccnn2c3ccccc3,-3542.19094
Cc1cc(NS(=O)(=O)c2ccc(N)cc2)no1,-2996.57163
c1cc(N)ccc1S(=O)(=O)Nc2nc(C)nc(OC)c2,-3470.6624
c1ccccc1NC(=O)C2=C(C)OCCS2(=O)=O,-3193.74185
O=C(c(cccc1C(C(=O)O)C)c1)c(cccc2)c2,-3040.19927
CN1C(=O)N(C)c2ncn(C)c2C1(=O),-2453.26633
CC1CC(C)C(=O)C(C1)C(O)CC2CC(=O)NC(=O)C2,-3522.74463
N(CCNC1)C1,-998.61544
O=C(NCC1=O)N1,-1386.18315
O=C1CCCN1C,-1217.69027
c1cccc(N)c1O,-1312.8477
O=C(OCC)N,-1240.55132
O=C(Oc(c(c(ccc1)cc2)c1)c2)NC,-2399.10219
O=C(NC)N,-995.05547
O=C(N)C=C,-917.33702
O=C(Nc(ccc(O)c1)c1)C,-1881.35089
CC(C)N(=O)=O,-1237.45448
O=N(=O)c(c(c(ccc1)cc2)c1)c2,-2096.15488
O=C(O)c(ccc(N(=O)=O)c1)c1,-2291.86479
O=N(=O)c(c(N)ccc1)c1,-1778.12043
Clc(cccc1N)c1,-1271.13377
N#Cc(c(c(c(c1C#N)Cl)Cl)Cl)c1Cl,-2421.12577
CN1C=C(c2ccccc2)C(=O)C(c3cc(C(F)(F)F)ccc3)=C1,-4401.14879
CCC(=O)Nc1ccc(Cl)c(Cl)c1,-2242.88807
CCc1cccc(CC)c1N(COC)C(=O)CCl,-3034.08128
CCS,-503.71475
NC(=S)N,-726.24389
COC(=O)NS(=O)(=O)c1ccc(N)cc1,-2848.65163
COP(=O)(OC)C(O)C(Cl)(Cl)Cl,-2758.77012
COP(=S)(OC)Oc1ccc(SC)c(C)c1,-2848.55226
COP(=S)(OC)Oc1ccc(N(=O)=O)c(C)c1,-3282.39563
COP(=S)(OC)Oc1cc(Cl)c(I)cc1Cl,-3088.50975
C1C(O)CC2C(O)C(O)C3C4CCC(C(C)CCC(=O)O)C4(C)CCC3C2(C)C1,-4966.96813
N(CCNC1C)C1,-1148.79507
O=C(Nc(ccc(c1)Cl)c1)C,-1839.51577
O=C(Nc(ccc(c1)N(=O)=O)c1)C,-2346.47298
COc2ccc1C(OC(=O)c1c2OC)C4N(C)CCc5cc3OCOc3cc45,-4818.99193
O=C3CN=C(c1ccccc1)c2cc(ccc2N3)N(=O)=O,-3431.92553
Oc(c(cc(c1)Cl)Cc(c(O)ccc2Cl)c2)c1,-2856.26247
Nc1c(Cl)c(Cl)nc(C(O)=O)c1Cl,-2541.36654
O=C(O)C(N)Cc(ccc(O)c1)c1,-2326.53987
CC(C)N(C(C)C)C(=O)SCC(Cl)=CCl,-2650.70939
O=C(OCCCC)c(ccc(O)c1)c1,-2426.52891
O=C(OCCC)c(cc(O)c(O)c1O)c1,-2867.13439
CCCCCOC(=O)c1ccc(N)cc1,-2481.03817
c(c(cccc1)c1)(ccc(c(cccc2)c2)c3)c3,-2399.21118
O=C(Nc(c(ccc1)Cl)c1)C,-1839.51028
N(C(CCC1)CC)C1,-1248.94447
O(c(ccc(c1)CC=C)c1)C,-1684.69993
Clc1c(Cl)c(Cl)c(Cl)c(O)c1OC,-2571.55356
O=C(NC(=S)S1)C1,-1244.14116
N1C(=O)N=C(N)C=C1,-1412.99695
O=C(O)C(N)CC(=O)N,-1858.72123
CCS(=O)(=O)CC,-1394.03328
n1ccc(O)cc1,-1162.82006
N1C(=O)NC(=O)C=C1C,-1659.32164
O(C(O)C(O)C(O)C1O)C1,-2225.89627
c1cnc2c(S)ncnc2n1,-1711.35793
O=S(=O)(N)c(cccc1)c1,-1784.84857
N(C(=S)SSC(N(C)C)=S)(C)C,-1977.85274
N1C(C)CNC(C)C1,-1298.54345
O=C(O)c(cccc1I)c1,-1741.36033
c1cnc2c(OC)ncnc2n1,-1979.36767
c1c(SC)nc2cncnc2n1,-1861.18549
N1C(=S)NC(=O)C=C1CCC,-1840.01514
Clc1c(Cl)c(Cl)c2nccnc2c1Cl,-2448.74436
O=C(O)COc(c(cc(c1)Cl)Cl)c1,-2483.27724
O=C(OC)c(c(O)ccc1)c1,-1976.62624
O=C(O)c(c(NC)ccc1)c1,-1881.25686
c1ccccc1OCC,-1412.62637
NCCc1ccc(O)cc1,-1612.61045
CC(C)CC(=O)CC(=O)C,-1763.15817
C1C(C)C(C)CCC1,-1199.62291
OC(=O)CN1C(=O)Sc2cccc(Cl)c12,-2702.96262
OC(=O)C(Oc1cc(Cl)ccc1)C,-2379.91357
O=C(OC)c(ccc(OC)c1)c1,-2126.04845
CCOc1ccc(NC(N)=O)cc1,-2230.84076
O=C(O)CCCCCCCC,-1940.6427
c1ccccc1N2C(=O)C(Cl)=C(N)C=N2,-2456.12419
O=S(=O)(Nc(nccc1)n1)c(ccc(N)c2)c2,-2875.31588
CC(=O)Nc1ccc(OC(C)=O)cc1,-2449.55746
Oc1cc2CCCCc2cc1,-1686.00132
Oc(c(ccc1C(C)C)C)c1,-1713.1857
O=C(C(CC1C2)(C2)C)C1(C)C,-1740.17047
O=C(C(CCC1C)C(C)C)C1,-1767.79879
n(c(c(c(c1)C)ccc2)c2)c1C,-1685.86959
CCN(CC)c1c(cc(c(N)c1N(=O)=O)C(F)(F)F)N(=O)=O,-4844.76226
C1=CC(C2)C(C(=O)OC)C(C(=O)OC)C12,-2720.61923
c1ccccc1S(=O)(=O)NC(=O)NCCCC,-3002.85041
CCCCc1c(C)nc(NCC)nc1O,-2462.68897
c1ccc2C(=O)C(Cl)=C(NC(=O)C(Cl)Cl)C(=O)c2c1,-3427.04348
O=C1C=CC(c2cc(ccc2O)O)(C=C1)O,-2788.99132
Oc(c(ccc1O)CCCCCC)c1,-2308.39212
Ic1ccccc1C(=O)Nc2ccccc2,-2436.29652
CCCCN(CC)c1c(cc(cc1N(=O)=O)C(F)(F)F)N(=O)=O,-4944.3001
CCCCc1c(C)nc(NCC)nc1OS(=O)(=O)N(C)C,-3729.13189
Clc1ccc(cc1)C(c2ccccc2Cl)C(Cl)(Cl)Cl,-3175.69227
O=C(O)c(c(c(c(ccc1)C(=O)O)c1)ccc2)c2,-3036.07112
c1ccccc1C(=O)Oc2ccccc2,-2321.69764
O=C(C(C(=O)c(c1ccc2)c2)C1=O)C(C)(C)C,-2794.44117
CN(C)CCN(Cc1cccs1)c2ccccn2,-2710.46227
Oc1cc(O)c2C(=O)C(O)=C(c3ccc(O)cc3O)Oc2c1,-4043.81917
NS(=O)(=O)c3cc2c(NC(Cc1ccccc1)NS2(=O)=O)cc3C(F)(F)F,-5522.3546
CC(C)Oc1cc(c(Cl)cc1Cl)N2N=C(OC2=O)C(C)(C)C,-3877.32131
CCc1cccc(C)c1N(C(C)COC)C(=O)CCl,-3183.5903
O=C1C=C2CC3(O)COc4c(O)c(O)ccc4C3=C2C=C1O,-3897.75016
n(cc(C(O)(c(ccc(c1)Cl)c1)c(c(ccc2)Cl)c2)cn3)c3,-3450.91691
N1CCN=C1CN(c2ccccc2)Cc3ccccc3,-2902.15788
c1cc(O)ccc1C(C=C)C(C=C)c2ccc(O)cc2,-3043.19603
c1cc(O)ccc1C(CC)C(CC)c2ccc(O)cc2,-3098.90577
c12ccccc1nccc2C(O)C3N(C4)CCC(C4CC)C3,-3325.46268
C1(S5)C5CC2CCC3C4CCC(O)C4(C)CCC3C2(C)C1,-3211.60312
CN4CCN(CCCN2c1ccccc1Sc3ccc(Cl)cc23)CC4,-3782.48198
O=C(O)C(C(C(C(C(=C1)C=C(C2)C(C)C)C2)(CC3)C)C1)(C3)C,-3453.50527
C1C(=O)C=C2CCC3C4CCC(O)(C#C)C4(C)CCC3C2(C)C1,-3547.69875
c1ccc2OC(=O)C(C(C(=O)OCC)C3=C(O)c4ccccc4OC3=O)=C(O)c2c1,-5280.50813
NCCC(O)C(=O)NC2CC(N)C(OC1OC(CN)C(O)C(O)C1O)C(O)C2OC3OC(CO)C(O)C(N)C3O,-8053.86595
c1c(Cl)ccc(OC)c1C(=O)NCCc2ccc(S(=O)(=O)NC(=O)NC3CCCCC3)cc2,-5683.31573
C1C(O)CC2=CCC3C4CC5OC6(OCC(C)CC6)C(C)C5C4(C)CCC3C2(C)C1,-4770.542
Clc1ccc(Cl)c(c1)c2cc(Cl)c(Cl)cc2Cl,-2876.04019
O=C(OCC)c(ccc(N)c1)c1,-2031.17586
O=C(Oc(c(ccc1)C(=O)O)c1)C,-2395.11275
c1ccccc1N2C(=O)C=C(C)N2C,-2179.62882
n(c(nc(n1)NC(C)C)NCC)c1Cl,-2370.13734
CCC1(C(=O)NC(=O)NC1=O)c2ccccc2,-2895.40219
O=C(N(C)C)Nc(ccc(c1Cl)Cl)c1,-2442.33119
O=C(N(N=CC(OC(N(=O)=O)=C1)=C1)CC2=O)N2,-3280.07533
O=C1NC(=O)C(N1)(c2ccccc2)c3ccccc3,-2967.39644
O=C(N(c(c(cc(c1)Cl)C(=N2)c(cccc3)c3)c1)C)C2,-3074.70295
C1C(=O)C=C2CCC3C4CCC(O)C4(C)CCC3C2(C)C1,-3303.79428
C(C(C(C(C1Cl)Cl)Cl)Cl)(C1Cl)Cl,-2420.86678
CCOP(=S)(OCC)Oc1ccc(cc1)N(=O)=O,-3432.39533
O(P(OCC)(Oc(nc(nc1C)C(C)C)c1)=S)CC,-3371.88156
O=C(OC(c1cccc2)(c(ccc(O)c3)c3)c(ccc(O)c4)c4)c12,-3825.99395
CCOC(=O)CC(SP(=S)(OC)OC)C(=O)OCC,-3788.82311
CCOP(=S)(OCC)Oc1nc(Cl)c(Cl)cc1Cl,-3482.16193
CCCCCC(O)C=CC1C(O)CC(=O)C1CC=CCCCC(=O)O,-4366.52276
c(ccc(c1)Cl)(c1)C(c(ccc(c2)Cl)c2)C(Cl)(Cl)Cl,-3175.65044
ClC1CC2C(C1Cl)C3(Cl)C(=C(Cl)C2(Cl)C3(Cl)Cl)Cl,-3444.41323
